Parameter,Value,Layer,Key ID,Value Type,Action
CFG-BDS-D1D2_NAVDATA,0,RAM,0x20340009,E1,Set
CFG-GAL-USE_OSNMA,false,RAM,0x10350005,L,Set
CFG-GAL-OSNMA_MINTAGLENGTH,80,RAM,0x20350007,U1,Set
CFG-GAL-OSNMA_TIMESYNC,true,RAM,0x10350009,L,Set
CFG-GEOFENCE-CONFLVL,0,RAM,0x20240011,E1,Set
CFG-GEOFENCE-USE_PIO,false,RAM,0x10240012,L,Set
CFG-GEOFENCE-PINPOL,0,RAM,0x20240013,E1,Set
CFG-GEOFENCE-PIN,19,RAM,0x20240014,U1,Set
CFG-GEOFENCE-USE_FENCE1,false,RAM,0x10240020,L,Set
CFG-GEOFENCE-FENCE1_LAT,0,RAM,0x40240021,I4,Set
CFG-GEOFENCE-FENCE1_LON,0,RAM,0x40240022,I4,Set
CFG-GEOFENCE-FENCE1_RAD,0,RAM,0x40240023,U4,Set
CFG-GEOFENCE-USE_FENCE2,false,RAM,0x10240030,L,Set
CFG-GEOFENCE-FENCE2_LAT,0,RAM,0x40240031,I4,Set
CFG-GEOFENCE-FENCE2_LON,0,RAM,0x40240032,I4,Set
CFG-GEOFENCE-FENCE2_RAD,0,RAM,0x40240033,U4,Set
CFG-GEOFENCE-USE_FENCE3,false,RAM,0x10240040,L,Set
CFG-GEOFENCE-FENCE3_LAT,0,RAM,0x40240041,I4,Set
CFG-GEOFENCE-FENCE3_LON,0,RAM,0x40240042,I4,Set
CFG-GEOFENCE-FENCE3_RAD,0,RAM,0x40240043,U4,Set
CFG-GEOFENCE-USE_FENCE4,false,RAM,0x10240050,L,Set
CFG-GEOFENCE-FENCE4_LAT,0,RAM,0x40240051,I4,Set
CFG-GEOFENCE-FENCE4_LON,0,RAM,0x40240052,I4,Set
CFG-GEOFENCE-FENCE4_RAD,0,RAM,0x40240053,U4,Set
CFG-HW-ANT_CFG_VOLTCTRL,true,RAM,0x10a3002e,L,Set
CFG-HW-ANT_CFG_SHORTDET,true,RAM,0x10a3002f,L,Set
CFG-HW-ANT_CFG_SHORTDET_POL,true,RAM,0x10a30030,L,Set
CFG-HW-ANT_CFG_OPENDET,true,RAM,0x10a30031,L,Set
CFG-HW-ANT_CFG_OPENDET_POL,true,RAM,0x10a30032,L,Set
CFG-HW-ANT_CFG_PWRDOWN,true,RAM,0x10a30033,L,Set
CFG-HW-ANT_CFG_PWRDOWN_POL,true,RAM,0x10a30034,L,Set
CFG-HW-ANT_CFG_RECOVER,true,RAM,0x10a30035,L,Set
UNKNOWN_0x20a30036,12,RAM,0x20a30036,U1,Set
UNKNOWN_0x20a30037,13,RAM,0x20a30037,U1,Set
UNKNOWN_0x20a30038,11,RAM,0x20a30038,U1,Set
CFG-HW-ANT_ON_SHORT_US,500,RAM,0x30a3003c,U2,Set
UNKNOWN_0x20a30054,0,RAM,0x20a30054,E1,Set
CFG-HW-RF1_LNA_MODE_LOWGAIN,false,RAM,0x10a3006a,L,Set
CFG-HW-RF2_LNA_MODE_LOWGAIN,false,RAM,0x10a3006b,L,Set
CFG-HW-RF3_LNA_MODE_LOWGAIN,false,RAM,0x10a3006c,L,Set
CFG-I2C-ADDRESS,132,RAM,0x20510001,U1,Set
CFG-I2C-EXTENDEDTIMEOUT,false,RAM,0x10510002,L,Set
CFG-I2C-ENABLED,true,RAM,0x10510003,L,Set
CFG-I2CINPROT-UBX,true,RAM,0x10710001,L,Set
CFG-I2CINPROT-UBX,true,Flash,0x10710001,L,Set
CFG-I2CINPROT-NMEA,false,RAM,0x10710002,L,Set
CFG-I2CINPROT-NMEA,false,Flash,0x10710002,L,Set
CFG-I2CINPROT-RTCM3X,false,RAM,0x10710004,L,Set
CFG-I2CINPROT-RTCM3X,false,Flash,0x10710004,L,Set
CFG-I2CINPROT-SPARTN,false,RAM,0x10710005,L,Set
CFG-I2CINPROT-SPARTN,false,Flash,0x10710005,L,Set
CFG-I2COUTPROT-UBX,true,RAM,0x10720001,L,Set
CFG-I2COUTPROT-NMEA,false,RAM,0x10720002,L,Set
CFG-I2COUTPROT-NMEA,false,Flash,0x10720002,L,Set
CFG-I2COUTPROT-RTCM3X,false,RAM,0x10720004,L,Set
CFG-I2COUTPROT-RTCM3X,false,Flash,0x10720004,L,Set
CFG-INFMSG-UBX_I2C,7,RAM,0x20920001,X1,Set
CFG-INFMSG-UBX_I2C,7,Flash,0x20920001,X1,Set
CFG-INFMSG-UBX_UART1,7,RAM,0x20920002,X1,Set
CFG-INFMSG-UBX_UART1,7,Flash,0x20920002,X1,Set
CFG-INFMSG-UBX_UART2,7,RAM,0x20920003,X1,Set
CFG-INFMSG-UBX_UART2,7,Flash,0x20920003,X1,Set
CFG-INFMSG-UBX_USB,7,RAM,0x20920004,X1,Set
CFG-INFMSG-UBX_USB,7,Flash,0x20920004,X1,Set
CFG-INFMSG-UBX_SPI,0,RAM,0x20920005,X1,Set
CFG-INFMSG-NMEA_I2C,0,RAM,0x20920006,X1,Set
CFG-INFMSG-NMEA_I2C,0,Flash,0x20920006,X1,Set
CFG-INFMSG-NMEA_UART1,0,RAM,0x20920007,X1,Set
CFG-INFMSG-NMEA_UART1,0,Flash,0x20920007,X1,Set
CFG-INFMSG-NMEA_UART2,0,RAM,0x20920008,X1,Set
CFG-INFMSG-NMEA_UART2,0,Flash,0x20920008,X1,Set
CFG-INFMSG-NMEA_USB,0,RAM,0x20920009,X1,Set
CFG-INFMSG-NMEA_USB,0,Flash,0x20920009,X1,Set
CFG-INFMSG-NMEA_SPI,0,RAM,0x2092000a,X1,Set
CFG-INFMSG-NMEA_SPI,0,Flash,0x2092000a,X1,Set
CFG-LOGFILTER-RECORD_ENA,false,RAM,0x10de0002,L,Set
CFG-LOGFILTER-APPLY_ALL_FILTERS,false,RAM,0x10de0004,L,Set
CFG-LOGFILTER-MIN_INTERVAL,0,RAM,0x30de0005,U2,Set
CFG-LOGFILTER-TIME_THRS,0,RAM,0x30de0006,U2,Set
CFG-LOGFILTER-SPEED_THRS,0,RAM,0x30de0007,U2,Set
CFG-LOGFILTER-POSITION_THRS,0,RAM,0x40de0008,U4,Set
CFG-MOT-GNSSSPEED_THRS,0,RAM,0x20250038,U1,Set
CFG-MOT-GNSSDIST_THRS,0,RAM,0x3025003b,U2,Set
CFG-MSGOUT-NMEA_ID_DTM_I2C,0,RAM,0x209100a6,U1,Set
CFG-MSGOUT-NMEA_ID_DTM_SPI,0,RAM,0x209100aa,U1,Set
CFG-MSGOUT-NMEA_ID_DTM_UART1,0,RAM,0x209100a7,U1,Set
CFG-MSGOUT-NMEA_ID_DTM_UART2,0,RAM,0x209100a8,U1,Set
CFG-MSGOUT-NMEA_ID_DTM_USB,0,RAM,0x209100a9,U1,Set
CFG-MSGOUT-NMEA_ID_GBS_I2C,0,RAM,0x209100dd,U1,Set
CFG-MSGOUT-NMEA_ID_GBS_SPI,0,RAM,0x209100e1,U1,Set
CFG-MSGOUT-NMEA_ID_GBS_UART1,0,RAM,0x209100de,U1,Set
CFG-MSGOUT-NMEA_ID_GBS_UART2,0,RAM,0x209100df,U1,Set
CFG-MSGOUT-NMEA_ID_GBS_USB,0,RAM,0x209100e0,U1,Set
CFG-MSGOUT-NMEA_ID_GGA_I2C,0,RAM,0x209100ba,U1,Set
CFG-MSGOUT-NMEA_ID_GGA_I2C,0,Flash,0x209100ba,U1,Set
CFG-MSGOUT-NMEA_ID_GGA_SPI,0,RAM,0x209100be,U1,Set
CFG-MSGOUT-NMEA_ID_GGA_SPI,0,Flash,0x209100be,U1,Set
CFG-MSGOUT-NMEA_ID_GGA_UART1,0,RAM,0x209100bb,U1,Set
CFG-MSGOUT-NMEA_ID_GGA_UART1,0,Flash,0x209100bb,U1,Set
CFG-MSGOUT-NMEA_ID_GGA_UART2,0,RAM,0x209100bc,U1,Set
CFG-MSGOUT-NMEA_ID_GGA_UART2,0,Flash,0x209100bc,U1,Set
CFG-MSGOUT-NMEA_ID_GGA_USB,0,RAM,0x209100bd,U1,Set
CFG-MSGOUT-NMEA_ID_GGA_USB,0,Flash,0x209100bd,U1,Set
CFG-MSGOUT-NMEA_ID_GLL_I2C,0,RAM,0x209100c9,U1,Set
CFG-MSGOUT-NMEA_ID_GLL_I2C,0,Flash,0x209100c9,U1,Set
CFG-MSGOUT-NMEA_ID_GLL_SPI,0,RAM,0x209100cd,U1,Set
CFG-MSGOUT-NMEA_ID_GLL_SPI,0,Flash,0x209100cd,U1,Set
CFG-MSGOUT-NMEA_ID_GLL_UART1,0,RAM,0x209100ca,U1,Set
CFG-MSGOUT-NMEA_ID_GLL_UART1,0,Flash,0x209100ca,U1,Set
CFG-MSGOUT-NMEA_ID_GLL_UART2,0,RAM,0x209100cb,U1,Set
CFG-MSGOUT-NMEA_ID_GLL_UART2,0,Flash,0x209100cb,U1,Set
CFG-MSGOUT-NMEA_ID_GLL_USB,0,RAM,0x209100cc,U1,Set
CFG-MSGOUT-NMEA_ID_GLL_USB,0,Flash,0x209100cc,U1,Set
CFG-MSGOUT-NMEA_ID_GNS_I2C,0,RAM,0x209100b5,U1,Set
CFG-MSGOUT-NMEA_ID_GNS_SPI,0,RAM,0x209100b9,U1,Set
CFG-MSGOUT-NMEA_ID_GNS_UART1,0,RAM,0x209100b6,U1,Set
CFG-MSGOUT-NMEA_ID_GNS_UART2,0,RAM,0x209100b7,U1,Set
CFG-MSGOUT-NMEA_ID_GNS_USB,0,RAM,0x209100b8,U1,Set
CFG-MSGOUT-NMEA_ID_GRS_I2C,0,RAM,0x209100ce,U1,Set
CFG-MSGOUT-NMEA_ID_GRS_SPI,0,RAM,0x209100d2,U1,Set
CFG-MSGOUT-NMEA_ID_GRS_UART1,0,RAM,0x209100cf,U1,Set
CFG-MSGOUT-NMEA_ID_GRS_UART2,0,RAM,0x209100d0,U1,Set
CFG-MSGOUT-NMEA_ID_GRS_USB,0,RAM,0x209100d1,U1,Set
CFG-MSGOUT-NMEA_ID_GSA_I2C,0,RAM,0x209100bf,U1,Set
CFG-MSGOUT-NMEA_ID_GSA_I2C,0,Flash,0x209100bf,U1,Set
CFG-MSGOUT-NMEA_ID_GSA_SPI,0,RAM,0x209100c3,U1,Set
CFG-MSGOUT-NMEA_ID_GSA_SPI,0,Flash,0x209100c3,U1,Set
CFG-MSGOUT-NMEA_ID_GSA_UART1,0,RAM,0x209100c0,U1,Set
CFG-MSGOUT-NMEA_ID_GSA_UART1,0,Flash,0x209100c0,U1,Set
CFG-MSGOUT-NMEA_ID_GSA_UART2,0,RAM,0x209100c1,U1,Set
CFG-MSGOUT-NMEA_ID_GSA_UART2,0,Flash,0x209100c1,U1,Set
CFG-MSGOUT-NMEA_ID_GSA_USB,0,RAM,0x209100c2,U1,Set
CFG-MSGOUT-NMEA_ID_GSA_USB,0,Flash,0x209100c2,U1,Set
CFG-MSGOUT-NMEA_ID_GST_I2C,0,RAM,0x209100d3,U1,Set
CFG-MSGOUT-NMEA_ID_GST_SPI,0,RAM,0x209100d7,U1,Set
CFG-MSGOUT-NMEA_ID_GST_UART1,0,RAM,0x209100d4,U1,Set
CFG-MSGOUT-NMEA_ID_GST_UART2,0,RAM,0x209100d5,U1,Set
CFG-MSGOUT-NMEA_ID_GST_USB,0,RAM,0x209100d6,U1,Set
CFG-MSGOUT-NMEA_ID_GSV_I2C,0,RAM,0x209100c4,U1,Set
CFG-MSGOUT-NMEA_ID_GSV_I2C,0,Flash,0x209100c4,U1,Set
CFG-MSGOUT-NMEA_ID_GSV_SPI,0,RAM,0x209100c8,U1,Set
CFG-MSGOUT-NMEA_ID_GSV_SPI,0,Flash,0x209100c8,U1,Set
CFG-MSGOUT-NMEA_ID_GSV_UART1,0,RAM,0x209100c5,U1,Set
CFG-MSGOUT-NMEA_ID_GSV_UART1,0,Flash,0x209100c5,U1,Set
CFG-MSGOUT-NMEA_ID_GSV_UART2,0,RAM,0x209100c6,U1,Set
CFG-MSGOUT-NMEA_ID_GSV_UART2,0,Flash,0x209100c6,U1,Set
CFG-MSGOUT-NMEA_ID_GSV_USB,0,RAM,0x209100c7,U1,Set
CFG-MSGOUT-NMEA_ID_GSV_USB,0,Flash,0x209100c7,U1,Set
CFG-MSGOUT-NMEA_ID_RLM_I2C,0,RAM,0x20910400,U1,Set
CFG-MSGOUT-NMEA_ID_RLM_SPI,0,RAM,0x20910404,U1,Set
CFG-MSGOUT-NMEA_ID_RLM_UART1,0,RAM,0x20910401,U1,Set
CFG-MSGOUT-NMEA_ID_RLM_UART2,0,RAM,0x20910402,U1,Set
CFG-MSGOUT-NMEA_ID_RLM_USB,0,RAM,0x20910403,U1,Set
CFG-MSGOUT-NMEA_ID_RMC_I2C,0,RAM,0x209100ab,U1,Set
CFG-MSGOUT-NMEA_ID_RMC_I2C,0,Flash,0x209100ab,U1,Set
CFG-MSGOUT-NMEA_ID_RMC_SPI,0,RAM,0x209100af,U1,Set
CFG-MSGOUT-NMEA_ID_RMC_SPI,0,Flash,0x209100af,U1,Set
CFG-MSGOUT-NMEA_ID_RMC_UART1,0,RAM,0x209100ac,U1,Set
CFG-MSGOUT-NMEA_ID_RMC_UART1,0,Flash,0x209100ac,U1,Set
CFG-MSGOUT-NMEA_ID_RMC_UART2,0,RAM,0x209100ad,U1,Set
CFG-MSGOUT-NMEA_ID_RMC_UART2,0,Flash,0x209100ad,U1,Set
CFG-MSGOUT-NMEA_ID_RMC_USB,0,RAM,0x209100ae,U1,Set
CFG-MSGOUT-NMEA_ID_RMC_USB,0,Flash,0x209100ae,U1,Set
CFG-MSGOUT-NMEA_ID_VLW_I2C,0,RAM,0x209100e7,U1,Set
CFG-MSGOUT-NMEA_ID_VLW_SPI,0,RAM,0x209100eb,U1,Set
CFG-MSGOUT-NMEA_ID_VLW_UART1,0,RAM,0x209100e8,U1,Set
CFG-MSGOUT-NMEA_ID_VLW_UART2,0,RAM,0x209100e9,U1,Set
CFG-MSGOUT-NMEA_ID_VLW_USB,0,RAM,0x209100ea,U1,Set
CFG-MSGOUT-NMEA_ID_VTG_I2C,0,RAM,0x209100b0,U1,Set
CFG-MSGOUT-NMEA_ID_VTG_I2C,0,Flash,0x209100b0,U1,Set
CFG-MSGOUT-NMEA_ID_VTG_SPI,0,RAM,0x209100b4,U1,Set
CFG-MSGOUT-NMEA_ID_VTG_SPI,0,Flash,0x209100b4,U1,Set
CFG-MSGOUT-NMEA_ID_VTG_UART1,0,RAM,0x209100b1,U1,Set
CFG-MSGOUT-NMEA_ID_VTG_UART1,0,Flash,0x209100b1,U1,Set
CFG-MSGOUT-NMEA_ID_VTG_UART2,0,RAM,0x209100b2,U1,Set
CFG-MSGOUT-NMEA_ID_VTG_UART2,0,Flash,0x209100b2,U1,Set
CFG-MSGOUT-NMEA_ID_VTG_USB,0,RAM,0x209100b3,U1,Set
CFG-MSGOUT-NMEA_ID_VTG_USB,0,Flash,0x209100b3,U1,Set
CFG-MSGOUT-NMEA_ID_ZDA_I2C,0,RAM,0x209100d8,U1,Set
CFG-MSGOUT-NMEA_ID_ZDA_SPI,0,RAM,0x209100dc,U1,Set
CFG-MSGOUT-NMEA_ID_ZDA_UART1,0,RAM,0x209100d9,U1,Set
CFG-MSGOUT-NMEA_ID_ZDA_UART2,0,RAM,0x209100da,U1,Set
CFG-MSGOUT-NMEA_ID_ZDA_USB,0,RAM,0x209100db,U1,Set
UNKNOWN_0x20910661,0,RAM,0x20910661,U1,Set
UNKNOWN_0x20910665,0,RAM,0x20910665,U1,Set
UNKNOWN_0x20910662,0,RAM,0x20910662,U1,Set
UNKNOWN_0x20910663,0,RAM,0x20910663,U1,Set
UNKNOWN_0x20910664,0,RAM,0x20910664,U1,Set
UNKNOWN_0x20910670,0,RAM,0x20910670,U1,Set
UNKNOWN_0x20910674,0,RAM,0x20910674,U1,Set
UNKNOWN_0x20910671,0,RAM,0x20910671,U1,Set
UNKNOWN_0x20910672,0,RAM,0x20910672,U1,Set
UNKNOWN_0x20910673,0,RAM,0x20910673,U1,Set
UNKNOWN_0x2091065c,0,RAM,0x2091065c,U1,Set
UNKNOWN_0x20910660,0,RAM,0x20910660,U1,Set
UNKNOWN_0x2091065d,0,RAM,0x2091065d,U1,Set
UNKNOWN_0x2091065e,0,RAM,0x2091065e,U1,Set
UNKNOWN_0x2091065f,0,RAM,0x2091065f,U1,Set
UNKNOWN_0x20910666,0,RAM,0x20910666,U1,Set
UNKNOWN_0x2091066a,0,RAM,0x2091066a,U1,Set
UNKNOWN_0x20910667,0,RAM,0x20910667,U1,Set
UNKNOWN_0x20910668,0,RAM,0x20910668,U1,Set
UNKNOWN_0x20910669,0,RAM,0x20910669,U1,Set
UNKNOWN_0x20910652,0,RAM,0x20910652,U1,Set
UNKNOWN_0x20910656,0,RAM,0x20910656,U1,Set
UNKNOWN_0x20910653,0,RAM,0x20910653,U1,Set
UNKNOWN_0x20910654,0,RAM,0x20910654,U1,Set
UNKNOWN_0x20910655,0,RAM,0x20910655,U1,Set
UNKNOWN_0x20910657,0,RAM,0x20910657,U1,Set
UNKNOWN_0x2091065b,0,RAM,0x2091065b,U1,Set
UNKNOWN_0x20910658,0,RAM,0x20910658,U1,Set
UNKNOWN_0x20910659,0,RAM,0x20910659,U1,Set
UNKNOWN_0x2091065a,0,RAM,0x2091065a,U1,Set
UNKNOWN_0x2091067f,0,RAM,0x2091067f,U1,Set
UNKNOWN_0x20910683,0,RAM,0x20910683,U1,Set
UNKNOWN_0x20910680,0,RAM,0x20910680,U1,Set
UNKNOWN_0x20910681,0,RAM,0x20910681,U1,Set
UNKNOWN_0x20910682,0,RAM,0x20910682,U1,Set
CFG-MSGOUT-PUBX_ID_POLYP_I2C,0,RAM,0x209100ec,U1,Set
CFG-MSGOUT-PUBX_ID_POLYP_SPI,0,RAM,0x209100f0,U1,Set
CFG-MSGOUT-PUBX_ID_POLYP_UART1,0,RAM,0x209100ed,U1,Set
CFG-MSGOUT-PUBX_ID_POLYP_UART2,0,RAM,0x209100ee,U1,Set
CFG-MSGOUT-PUBX_ID_POLYP_USB,0,RAM,0x209100ef,U1,Set
CFG-MSGOUT-PUBX_ID_POLYS_I2C,0,RAM,0x209100f1,U1,Set
CFG-MSGOUT-PUBX_ID_POLYS_SPI,0,RAM,0x209100f5,U1,Set
CFG-MSGOUT-PUBX_ID_POLYS_UART1,0,RAM,0x209100f2,U1,Set
CFG-MSGOUT-PUBX_ID_POLYS_UART2,0,RAM,0x209100f3,U1,Set
CFG-MSGOUT-PUBX_ID_POLYS_USB,0,RAM,0x209100f4,U1,Set
CFG-MSGOUT-PUBX_ID_POLYT_I2C,0,RAM,0x209100f6,U1,Set
CFG-MSGOUT-PUBX_ID_POLYT_SPI,0,RAM,0x209100fa,U1,Set
CFG-MSGOUT-PUBX_ID_POLYT_UART1,0,RAM,0x209100f7,U1,Set
CFG-MSGOUT-PUBX_ID_POLYT_UART2,0,RAM,0x209100f8,U1,Set
CFG-MSGOUT-PUBX_ID_POLYT_USB,0,RAM,0x209100f9,U1,Set
CFG-MSGOUT-RTCM_3X_TYPE1005_I2C,0,RAM,0x209102bd,U1,Set
CFG-MSGOUT-RTCM_3X_TYPE1005_SPI,0,RAM,0x209102c1,U1,Set
CFG-MSGOUT-RTCM_3X_TYPE1005_UART1,0,RAM,0x209102be,U1,Set
CFG-MSGOUT-RTCM_3X_TYPE1005_UART2,0,RAM,0x209102bf,U1,Set
CFG-MSGOUT-RTCM_3X_TYPE1005_USB,0,RAM,0x209102c0,U1,Set
CFG-MSGOUT-RTCM_3X_TYPE1074_I2C,0,RAM,0x2091035e,U1,Set
CFG-MSGOUT-RTCM_3X_TYPE1074_SPI,0,RAM,0x20910362,U1,Set
CFG-MSGOUT-RTCM_3X_TYPE1074_UART1,0,RAM,0x2091035f,U1,Set
CFG-MSGOUT-RTCM_3X_TYPE1074_UART2,0,RAM,0x20910360,U1,Set
CFG-MSGOUT-RTCM_3X_TYPE1074_USB,0,RAM,0x20910361,U1,Set
CFG-MSGOUT-RTCM_3X_TYPE1077_I2C,0,RAM,0x209102cc,U1,Set
CFG-MSGOUT-RTCM_3X_TYPE1077_SPI,0,RAM,0x209102d0,U1,Set
CFG-MSGOUT-RTCM_3X_TYPE1077_UART1,0,RAM,0x209102cd,U1,Set
CFG-MSGOUT-RTCM_3X_TYPE1077_UART2,0,RAM,0x209102ce,U1,Set
CFG-MSGOUT-RTCM_3X_TYPE1077_USB,0,RAM,0x209102cf,U1,Set
CFG-MSGOUT-RTCM_3X_TYPE1084_I2C,0,RAM,0x20910363,U1,Set
CFG-MSGOUT-RTCM_3X_TYPE1084_SPI,0,RAM,0x20910367,U1,Set
CFG-MSGOUT-RTCM_3X_TYPE1084_UART1,0,RAM,0x20910364,U1,Set
CFG-MSGOUT-RTCM_3X_TYPE1084_UART2,0,RAM,0x20910365,U1,Set
CFG-MSGOUT-RTCM_3X_TYPE1084_USB,0,RAM,0x20910366,U1,Set
CFG-MSGOUT-RTCM_3X_TYPE1087_I2C,0,RAM,0x209102d1,U1,Set
CFG-MSGOUT-RTCM_3X_TYPE1087_SPI,0,RAM,0x209102d5,U1,Set
CFG-MSGOUT-RTCM_3X_TYPE1087_UART1,0,RAM,0x209102d2,U1,Set
CFG-MSGOUT-RTCM_3X_TYPE1087_UART2,0,RAM,0x209102d3,U1,Set
CFG-MSGOUT-RTCM_3X_TYPE1087_USB,0,RAM,0x209102d4,U1,Set
CFG-MSGOUT-RTCM_3X_TYPE1094_I2C,0,RAM,0x20910368,U1,Set
CFG-MSGOUT-RTCM_3X_TYPE1094_SPI,0,RAM,0x2091036c,U1,Set
CFG-MSGOUT-RTCM_3X_TYPE1094_UART1,0,RAM,0x20910369,U1,Set
CFG-MSGOUT-RTCM_3X_TYPE1094_UART2,0,RAM,0x2091036a,U1,Set
CFG-MSGOUT-RTCM_3X_TYPE1094_USB,0,RAM,0x2091036b,U1,Set
CFG-MSGOUT-RTCM_3X_TYPE1097_I2C,0,RAM,0x20910318,U1,Set
CFG-MSGOUT-RTCM_3X_TYPE1097_SPI,0,RAM,0x2091031c,U1,Set
CFG-MSGOUT-RTCM_3X_TYPE1097_UART1,0,RAM,0x20910319,U1,Set
CFG-MSGOUT-RTCM_3X_TYPE1097_UART2,0,RAM,0x2091031a,U1,Set
CFG-MSGOUT-RTCM_3X_TYPE1097_USB,0,RAM,0x2091031b,U1,Set
CFG-MSGOUT-RTCM_3X_TYPE1124_I2C,0,RAM,0x2091036d,U1,Set
CFG-MSGOUT-RTCM_3X_TYPE1124_SPI,0,RAM,0x20910371,U1,Set
CFG-MSGOUT-RTCM_3X_TYPE1124_UART1,0,RAM,0x2091036e,U1,Set
CFG-MSGOUT-RTCM_3X_TYPE1124_UART2,0,RAM,0x2091036f,U1,Set
CFG-MSGOUT-RTCM_3X_TYPE1124_USB,0,RAM,0x20910370,U1,Set
CFG-MSGOUT-RTCM_3X_TYPE1127_I2C,0,RAM,0x209102d6,U1,Set
CFG-MSGOUT-RTCM_3X_TYPE1127_SPI,0,RAM,0x209102da,U1,Set
CFG-MSGOUT-RTCM_3X_TYPE1127_UART1,0,RAM,0x209102d7,U1,Set
CFG-MSGOUT-RTCM_3X_TYPE1127_UART2,0,RAM,0x209102d8,U1,Set
CFG-MSGOUT-RTCM_3X_TYPE1127_USB,0,RAM,0x209102d9,U1,Set
CFG-MSGOUT-RTCM_3X_TYPE1230_I2C,0,RAM,0x20910303,U1,Set
CFG-MSGOUT-RTCM_3X_TYPE1230_SPI,0,RAM,0x20910307,U1,Set
CFG-MSGOUT-RTCM_3X_TYPE1230_UART1,0,RAM,0x20910304,U1,Set
CFG-MSGOUT-RTCM_3X_TYPE1230_UART2,0,RAM,0x20910305,U1,Set
CFG-MSGOUT-RTCM_3X_TYPE1230_USB,0,RAM,0x20910306,U1,Set
CFG-MSGOUT-UBX_LOG_INFO_I2C,0,RAM,0x20910259,U1,Set
CFG-MSGOUT-UBX_LOG_INFO_SPI,0,RAM,0x2091025d,U1,Set
CFG-MSGOUT-UBX_LOG_INFO_UART1,0,RAM,0x2091025a,U1,Set
CFG-MSGOUT-UBX_LOG_INFO_UART2,0,RAM,0x2091025b,U1,Set
CFG-MSGOUT-UBX_LOG_INFO_USB,0,RAM,0x2091025c,U1,Set
CFG-MSGOUT-UBX_MON_COMMS_I2C,10,RAM,0x2091034f,U1,Set
CFG-MSGOUT-UBX_MON_COMMS_I2C,10,Flash,0x2091034f,U1,Set
CFG-MSGOUT-UBX_MON_COMMS_SPI,0,RAM,0x20910353,U1,Set
CFG-MSGOUT-UBX_MON_COMMS_UART1,10,RAM,0x20910350,U1,Set
CFG-MSGOUT-UBX_MON_COMMS_UART1,10,Flash,0x20910350,U1,Set
CFG-MSGOUT-UBX_MON_COMMS_UART2,0,RAM,0x20910351,U1,Set
CFG-MSGOUT-UBX_MON_COMMS_USB,10,RAM,0x20910352,U1,Set
CFG-MSGOUT-UBX_MON_COMMS_USB,10,Flash,0x20910352,U1,Set
CFG-MSGOUT-UBX_MON_HW3_I2C,10,RAM,0x20910354,U1,Set
CFG-MSGOUT-UBX_MON_HW3_I2C,10,Flash,0x20910354,U1,Set
CFG-MSGOUT-UBX_MON_HW3_SPI,0,RAM,0x20910358,U1,Set
CFG-MSGOUT-UBX_MON_HW3_UART1,10,RAM,0x20910355,U1,Set
CFG-MSGOUT-UBX_MON_HW3_UART1,10,Flash,0x20910355,U1,Set
CFG-MSGOUT-UBX_MON_HW3_UART2,0,RAM,0x20910356,U1,Set
CFG-MSGOUT-UBX_MON_HW3_USB,10,RAM,0x20910357,U1,Set
CFG-MSGOUT-UBX_MON_HW3_USB,10,Flash,0x20910357,U1,Set
CFG-MSGOUT-UBX_MON_RF_I2C,10,RAM,0x20910359,U1,Set
CFG-MSGOUT-UBX_MON_RF_I2C,10,Flash,0x20910359,U1,Set
CFG-MSGOUT-UBX_MON_RF_SPI,0,RAM,0x2091035d,U1,Set
CFG-MSGOUT-UBX_MON_RF_UART1,10,RAM,0x2091035a,U1,Set
CFG-MSGOUT-UBX_MON_RF_UART1,10,Flash,0x2091035a,U1,Set
CFG-MSGOUT-UBX_MON_RF_UART2,0,RAM,0x2091035b,U1,Set
CFG-MSGOUT-UBX_MON_RF_USB,10,RAM,0x2091035c,U1,Set
CFG-MSGOUT-UBX_MON_RF_USB,10,Flash,0x2091035c,U1,Set
CFG-MSGOUT-UBX_MON_RXR_I2C,0,RAM,0x20910187,U1,Set
CFG-MSGOUT-UBX_MON_RXR_SPI,0,RAM,0x2091018b,U1,Set
CFG-MSGOUT-UBX_MON_RXR_UART1,0,RAM,0x20910188,U1,Set
CFG-MSGOUT-UBX_MON_RXR_UART2,0,RAM,0x20910189,U1,Set
CFG-MSGOUT-UBX_MON_RXR_USB,0,RAM,0x2091018a,U1,Set
CFG-MSGOUT-UBX_MON_SPAN_I2C,10,RAM,0x2091038b,U1,Set
CFG-MSGOUT-UBX_MON_SPAN_I2C,10,Flash,0x2091038b,U1,Set
CFG-MSGOUT-UBX_MON_SPAN_SPI,0,RAM,0x2091038f,U1,Set
CFG-MSGOUT-UBX_MON_SPAN_UART1,10,RAM,0x2091038c,U1,Set
CFG-MSGOUT-UBX_MON_SPAN_UART1,10,Flash,0x2091038c,U1,Set
CFG-MSGOUT-UBX_MON_SPAN_UART2,0,RAM,0x2091038d,U1,Set
CFG-MSGOUT-UBX_MON_SPAN_USB,10,RAM,0x2091038e,U1,Set
CFG-MSGOUT-UBX_MON_SPAN_USB,10,Flash,0x2091038e,U1,Set
CFG-MSGOUT-UBX_MON_SYS_I2C,10,RAM,0x2091069d,U1,Set
CFG-MSGOUT-UBX_MON_SYS_I2C,10,Flash,0x2091069d,U1,Set
CFG-MSGOUT-UBX_MON_SYS_SPI,0,RAM,0x209106a1,U1,Set
CFG-MSGOUT-UBX_MON_SYS_UART1,10,RAM,0x2091069e,U1,Set
CFG-MSGOUT-UBX_MON_SYS_UART1,10,Flash,0x2091069e,U1,Set
CFG-MSGOUT-UBX_MON_SYS_UART2,0,RAM,0x2091069f,U1,Set
CFG-MSGOUT-UBX_MON_SYS_USB,10,RAM,0x209106a0,U1,Set
CFG-MSGOUT-UBX_MON_SYS_USB,10,Flash,0x209106a0,U1,Set
UNKNOWN_0x20910430,0,RAM,0x20910430,U1,Set
UNKNOWN_0x20910434,0,RAM,0x20910434,U1,Set
UNKNOWN_0x20910431,0,RAM,0x20910431,U1,Set
UNKNOWN_0x20910432,0,RAM,0x20910432,U1,Set
UNKNOWN_0x20910433,0,RAM,0x20910433,U1,Set
UNKNOWN_0x20910435,0,RAM,0x20910435,U1,Set
UNKNOWN_0x20910439,0,RAM,0x20910439,U1,Set
UNKNOWN_0x20910436,0,RAM,0x20910436,U1,Set
UNKNOWN_0x20910437,0,RAM,0x20910437,U1,Set
UNKNOWN_0x20910438,0,RAM,0x20910438,U1,Set
UNKNOWN_0x20910465,0,RAM,0x20910465,U1,Set
UNKNOWN_0x20910469,0,RAM,0x20910469,U1,Set
UNKNOWN_0x20910466,0,RAM,0x20910466,U1,Set
UNKNOWN_0x20910467,0,RAM,0x20910467,U1,Set
UNKNOWN_0x20910468,0,RAM,0x20910468,U1,Set
UNKNOWN_0x20910565,0,RAM,0x20910565,U1,Set
UNKNOWN_0x20910569,0,RAM,0x20910569,U1,Set
UNKNOWN_0x20910566,0,RAM,0x20910566,U1,Set
UNKNOWN_0x20910567,0,RAM,0x20910567,U1,Set
UNKNOWN_0x20910568,0,RAM,0x20910568,U1,Set
UNKNOWN_0x20910475,0,RAM,0x20910475,U1,Set
UNKNOWN_0x20910479,0,RAM,0x20910479,U1,Set
UNKNOWN_0x20910476,0,RAM,0x20910476,U1,Set
UNKNOWN_0x20910477,0,RAM,0x20910477,U1,Set
UNKNOWN_0x20910478,0,RAM,0x20910478,U1,Set
UNKNOWN_0x20910480,0,RAM,0x20910480,U1,Set
UNKNOWN_0x20910484,0,RAM,0x20910484,U1,Set
UNKNOWN_0x20910481,0,RAM,0x20910481,U1,Set
UNKNOWN_0x20910482,0,RAM,0x20910482,U1,Set
UNKNOWN_0x20910483,0,RAM,0x20910483,U1,Set
UNKNOWN_0x20910485,0,RAM,0x20910485,U1,Set
UNKNOWN_0x20910489,0,RAM,0x20910489,U1,Set
UNKNOWN_0x20910486,0,RAM,0x20910486,U1,Set
UNKNOWN_0x20910487,0,RAM,0x20910487,U1,Set
UNKNOWN_0x20910488,0,RAM,0x20910488,U1,Set
UNKNOWN_0x20910490,0,RAM,0x20910490,U1,Set
UNKNOWN_0x20910494,0,RAM,0x20910494,U1,Set
UNKNOWN_0x20910491,0,RAM,0x20910491,U1,Set
UNKNOWN_0x20910492,0,RAM,0x20910492,U1,Set
UNKNOWN_0x20910493,0,RAM,0x20910493,U1,Set
UNKNOWN_0x20910495,0,RAM,0x20910495,U1,Set
UNKNOWN_0x20910499,0,RAM,0x20910499,U1,Set
UNKNOWN_0x20910496,0,RAM,0x20910496,U1,Set
UNKNOWN_0x20910497,0,RAM,0x20910497,U1,Set
UNKNOWN_0x20910498,0,RAM,0x20910498,U1,Set
UNKNOWN_0x20910500,0,RAM,0x20910500,U1,Set
UNKNOWN_0x20910504,0,RAM,0x20910504,U1,Set
UNKNOWN_0x20910501,0,RAM,0x20910501,U1,Set
UNKNOWN_0x20910502,0,RAM,0x20910502,U1,Set
UNKNOWN_0x20910503,0,RAM,0x20910503,U1,Set
UNKNOWN_0x20910505,0,RAM,0x20910505,U1,Set
UNKNOWN_0x20910509,0,RAM,0x20910509,U1,Set
UNKNOWN_0x20910506,0,RAM,0x20910506,U1,Set
UNKNOWN_0x20910507,0,RAM,0x20910507,U1,Set
UNKNOWN_0x20910508,0,RAM,0x20910508,U1,Set
UNKNOWN_0x20910510,0,RAM,0x20910510,U1,Set
UNKNOWN_0x20910514,0,RAM,0x20910514,U1,Set
UNKNOWN_0x20910511,0,RAM,0x20910511,U1,Set
UNKNOWN_0x20910512,0,RAM,0x20910512,U1,Set
UNKNOWN_0x20910513,0,RAM,0x20910513,U1,Set
UNKNOWN_0x20910515,0,RAM,0x20910515,U1,Set
UNKNOWN_0x20910519,0,RAM,0x20910519,U1,Set
UNKNOWN_0x20910516,0,RAM,0x20910516,U1,Set
UNKNOWN_0x20910517,0,RAM,0x20910517,U1,Set
UNKNOWN_0x20910518,0,RAM,0x20910518,U1,Set
UNKNOWN_0x20910520,0,RAM,0x20910520,U1,Set
UNKNOWN_0x20910524,0,RAM,0x20910524,U1,Set
UNKNOWN_0x20910521,0,RAM,0x20910521,U1,Set
UNKNOWN_0x20910522,0,RAM,0x20910522,U1,Set
UNKNOWN_0x20910523,0,RAM,0x20910523,U1,Set
UNKNOWN_0x20910525,0,RAM,0x20910525,U1,Set
UNKNOWN_0x20910529,0,RAM,0x20910529,U1,Set
UNKNOWN_0x20910526,0,RAM,0x20910526,U1,Set
UNKNOWN_0x20910527,0,RAM,0x20910527,U1,Set
UNKNOWN_0x20910528,0,RAM,0x20910528,U1,Set
UNKNOWN_0x20910530,0,RAM,0x20910530,U1,Set
UNKNOWN_0x20910534,0,RAM,0x20910534,U1,Set
UNKNOWN_0x20910531,0,RAM,0x20910531,U1,Set
UNKNOWN_0x20910532,0,RAM,0x20910532,U1,Set
UNKNOWN_0x20910533,0,RAM,0x20910533,U1,Set
UNKNOWN_0x20910535,0,RAM,0x20910535,U1,Set
UNKNOWN_0x20910539,0,RAM,0x20910539,U1,Set
UNKNOWN_0x20910536,0,RAM,0x20910536,U1,Set
UNKNOWN_0x20910537,0,RAM,0x20910537,U1,Set
UNKNOWN_0x20910538,0,RAM,0x20910538,U1,Set
UNKNOWN_0x20910540,0,RAM,0x20910540,U1,Set
UNKNOWN_0x20910544,0,RAM,0x20910544,U1,Set
UNKNOWN_0x20910541,0,RAM,0x20910541,U1,Set
UNKNOWN_0x20910542,0,RAM,0x20910542,U1,Set
UNKNOWN_0x20910543,0,RAM,0x20910543,U1,Set
UNKNOWN_0x20910545,0,RAM,0x20910545,U1,Set
UNKNOWN_0x20910549,0,RAM,0x20910549,U1,Set
UNKNOWN_0x20910546,0,RAM,0x20910546,U1,Set
UNKNOWN_0x20910547,0,RAM,0x20910547,U1,Set
UNKNOWN_0x20910548,0,RAM,0x20910548,U1,Set
UNKNOWN_0x209106a7,0,RAM,0x209106a7,U1,Set
UNKNOWN_0x209106ab,0,RAM,0x209106ab,U1,Set
UNKNOWN_0x209106a8,0,RAM,0x209106a8,U1,Set
UNKNOWN_0x209106a9,0,RAM,0x209106a9,U1,Set
UNKNOWN_0x209106aa,0,RAM,0x209106aa,U1,Set
UNKNOWN_0x20910575,0,RAM,0x20910575,U1,Set
UNKNOWN_0x20910579,0,RAM,0x20910579,U1,Set
UNKNOWN_0x20910576,0,RAM,0x20910576,U1,Set
UNKNOWN_0x20910577,0,RAM,0x20910577,U1,Set
UNKNOWN_0x20910578,0,RAM,0x20910578,U1,Set
UNKNOWN_0x20910550,0,RAM,0x20910550,U1,Set
UNKNOWN_0x20910554,0,RAM,0x20910554,U1,Set
UNKNOWN_0x20910551,0,RAM,0x20910551,U1,Set
UNKNOWN_0x20910552,0,RAM,0x20910552,U1,Set
UNKNOWN_0x20910553,0,RAM,0x20910553,U1,Set
UNKNOWN_0x20910555,0,RAM,0x20910555,U1,Set
UNKNOWN_0x20910559,0,RAM,0x20910559,U1,Set
UNKNOWN_0x20910556,0,RAM,0x20910556,U1,Set
UNKNOWN_0x20910557,0,RAM,0x20910557,U1,Set
UNKNOWN_0x20910558,0,RAM,0x20910558,U1,Set
UNKNOWN_0x20910560,0,RAM,0x20910560,U1,Set
UNKNOWN_0x20910564,0,RAM,0x20910564,U1,Set
UNKNOWN_0x20910561,0,RAM,0x20910561,U1,Set
UNKNOWN_0x20910562,0,RAM,0x20910562,U1,Set
UNKNOWN_0x20910563,0,RAM,0x20910563,U1,Set
CFG-MSGOUT-UBX_NAV_CLOCK_I2C,10,RAM,0x20910065,U1,Set
CFG-MSGOUT-UBX_NAV_CLOCK_I2C,10,Flash,0x20910065,U1,Set
CFG-MSGOUT-UBX_NAV_CLOCK_SPI,0,RAM,0x20910069,U1,Set
CFG-MSGOUT-UBX_NAV_CLOCK_UART1,10,RAM,0x20910066,U1,Set
CFG-MSGOUT-UBX_NAV_CLOCK_UART1,10,Flash,0x20910066,U1,Set
CFG-MSGOUT-UBX_NAV_CLOCK_UART2,0,RAM,0x20910067,U1,Set
CFG-MSGOUT-UBX_NAV_CLOCK_USB,10,RAM,0x20910068,U1,Set
CFG-MSGOUT-UBX_NAV_CLOCK_USB,10,Flash,0x20910068,U1,Set
CFG-MSGOUT-UBX_NAV_COV_I2C,0,RAM,0x20910083,U1,Set
CFG-MSGOUT-UBX_NAV_COV_SPI,0,RAM,0x20910087,U1,Set
CFG-MSGOUT-UBX_NAV_COV_UART1,0,RAM,0x20910084,U1,Set
CFG-MSGOUT-UBX_NAV_COV_UART2,0,RAM,0x20910085,U1,Set
CFG-MSGOUT-UBX_NAV_COV_USB,0,RAM,0x20910086,U1,Set
CFG-MSGOUT-UBX_NAV_DOP_I2C,10,RAM,0x20910038,U1,Set
CFG-MSGOUT-UBX_NAV_DOP_I2C,10,Flash,0x20910038,U1,Set
CFG-MSGOUT-UBX_NAV_DOP_SPI,0,RAM,0x2091003c,U1,Set
CFG-MSGOUT-UBX_NAV_DOP_UART1,10,RAM,0x20910039,U1,Set
CFG-MSGOUT-UBX_NAV_DOP_UART1,10,Flash,0x20910039,U1,Set
CFG-MSGOUT-UBX_NAV_DOP_UART2,0,RAM,0x2091003a,U1,Set
CFG-MSGOUT-UBX_NAV_DOP_USB,10,RAM,0x2091003b,U1,Set
CFG-MSGOUT-UBX_NAV_DOP_USB,10,Flash,0x2091003b,U1,Set
CFG-MSGOUT-UBX_NAV_EOE_I2C,0,RAM,0x2091015f,U1,Set
CFG-MSGOUT-UBX_NAV_EOE_SPI,0,RAM,0x20910163,U1,Set
CFG-MSGOUT-UBX_NAV_EOE_UART1,0,RAM,0x20910160,U1,Set
CFG-MSGOUT-UBX_NAV_EOE_UART2,0,RAM,0x20910161,U1,Set
CFG-MSGOUT-UBX_NAV_EOE_USB,0,RAM,0x20910162,U1,Set
CFG-MSGOUT-UBX_NAV_GEOFENCE_I2C,0,RAM,0x209100a1,U1,Set
CFG-MSGOUT-UBX_NAV_GEOFENCE_SPI,0,RAM,0x209100a5,U1,Set
CFG-MSGOUT-UBX_NAV_GEOFENCE_UART1,0,RAM,0x209100a2,U1,Set
CFG-MSGOUT-UBX_NAV_GEOFENCE_UART2,0,RAM,0x209100a3,U1,Set
CFG-MSGOUT-UBX_NAV_GEOFENCE_USB,0,RAM,0x209100a4,U1,Set
CFG-MSGOUT-UBX_NAV_HPPOSECEF_I2C,0,RAM,0x2091002e,U1,Set
CFG-MSGOUT-UBX_NAV_HPPOSECEF_SPI,0,RAM,0x20910032,U1,Set
CFG-MSGOUT-UBX_NAV_HPPOSECEF_UART1,0,RAM,0x2091002f,U1,Set
CFG-MSGOUT-UBX_NAV_HPPOSECEF_UART2,0,RAM,0x20910030,U1,Set
CFG-MSGOUT-UBX_NAV_HPPOSECEF_USB,0,RAM,0x20910031,U1,Set
CFG-MSGOUT-UBX_NAV_HPPOSLLH_I2C,0,RAM,0x20910033,U1,Set
CFG-MSGOUT-UBX_NAV_HPPOSLLH_SPI,0,RAM,0x20910037,U1,Set
CFG-MSGOUT-UBX_NAV_HPPOSLLH_UART1,0,RAM,0x20910034,U1,Set
CFG-MSGOUT-UBX_NAV_HPPOSLLH_UART2,0,RAM,0x20910035,U1,Set
CFG-MSGOUT-UBX_NAV_HPPOSLLH_USB,0,RAM,0x20910036,U1,Set
CFG-MSGOUT-UBX_NAV_ODO_I2C,0,RAM,0x2091007e,U1,Set
CFG-MSGOUT-UBX_NAV_ODO_SPI,0,RAM,0x20910082,U1,Set
CFG-MSGOUT-UBX_NAV_ODO_UART1,0,RAM,0x2091007f,U1,Set
CFG-MSGOUT-UBX_NAV_ODO_UART2,0,RAM,0x20910080,U1,Set
CFG-MSGOUT-UBX_NAV_ODO_USB,0,RAM,0x20910081,U1,Set
CFG-MSGOUT-UBX_NAV_ORB_I2C,0,RAM,0x20910010,U1,Set
CFG-MSGOUT-UBX_NAV_ORB_SPI,0,RAM,0x20910014,U1,Set
CFG-MSGOUT-UBX_NAV_ORB_UART1,0,RAM,0x20910011,U1,Set
CFG-MSGOUT-UBX_NAV_ORB_UART2,0,RAM,0x20910012,U1,Set
CFG-MSGOUT-UBX_NAV_ORB_USB,0,RAM,0x20910013,U1,Set
UNKNOWN_0x20910415,0,RAM,0x20910415,U1,Set
UNKNOWN_0x20910419,0,RAM,0x20910419,U1,Set
UNKNOWN_0x20910416,0,RAM,0x20910416,U1,Set
UNKNOWN_0x20910417,0,RAM,0x20910417,U1,Set
UNKNOWN_0x20910418,0,RAM,0x20910418,U1,Set
CFG-MSGOUT-UBX_NAV_POSECEF_I2C,0,RAM,0x20910024,U1,Set
CFG-MSGOUT-UBX_NAV_POSECEF_SPI,0,RAM,0x20910028,U1,Set
CFG-MSGOUT-UBX_NAV_POSECEF_UART1,0,RAM,0x20910025,U1,Set
CFG-MSGOUT-UBX_NAV_POSECEF_UART2,0,RAM,0x20910026,U1,Set
CFG-MSGOUT-UBX_NAV_POSECEF_USB,0,RAM,0x20910027,U1,Set
CFG-MSGOUT-UBX_NAV_POSLLH_I2C,0,RAM,0x20910029,U1,Set
CFG-MSGOUT-UBX_NAV_POSLLH_SPI,0,RAM,0x2091002d,U1,Set
CFG-MSGOUT-UBX_NAV_POSLLH_UART1,0,RAM,0x2091002a,U1,Set
CFG-MSGOUT-UBX_NAV_POSLLH_UART2,0,RAM,0x2091002b,U1,Set
CFG-MSGOUT-UBX_NAV_POSLLH_USB,0,RAM,0x2091002c,U1,Set
CFG-MSGOUT-UBX_NAV_PVT_I2C,10,RAM,0x20910006,U1,Set
CFG-MSGOUT-UBX_NAV_PVT_I2C,10,Flash,0x20910006,U1,Set
CFG-MSGOUT-UBX_NAV_PVT_SPI,0,RAM,0x2091000a,U1,Set
CFG-MSGOUT-UBX_NAV_PVT_UART1,10,RAM,0x20910007,U1,Set
CFG-MSGOUT-UBX_NAV_PVT_UART1,10,Flash,0x20910007,U1,Set
CFG-MSGOUT-UBX_NAV_PVT_UART2,0,RAM,0x20910008,U1,Set
CFG-MSGOUT-UBX_NAV_PVT_USB,10,RAM,0x20910009,U1,Set
CFG-MSGOUT-UBX_NAV_PVT_USB,10,Flash,0x20910009,U1,Set
CFG-MSGOUT-UBX_NAV_RELPOSNED_I2C,0,RAM,0x2091008d,U1,Set
CFG-MSGOUT-UBX_NAV_RELPOSNED_SPI,0,RAM,0x20910091,U1,Set
CFG-MSGOUT-UBX_NAV_RELPOSNED_UART1,0,RAM,0x2091008e,U1,Set
CFG-MSGOUT-UBX_NAV_RELPOSNED_UART2,0,RAM,0x2091008f,U1,Set
CFG-MSGOUT-UBX_NAV_RELPOSNED_USB,0,RAM,0x20910090,U1,Set
CFG-MSGOUT-UBX_NAV_SAT_I2C,10,RAM,0x20910015,U1,Set
CFG-MSGOUT-UBX_NAV_SAT_I2C,10,Flash,0x20910015,U1,Set
CFG-MSGOUT-UBX_NAV_SAT_SPI,0,RAM,0x20910019,U1,Set
CFG-MSGOUT-UBX_NAV_SAT_UART1,10,RAM,0x20910016,U1,Set
CFG-MSGOUT-UBX_NAV_SAT_UART1,10,Flash,0x20910016,U1,Set
CFG-MSGOUT-UBX_NAV_SAT_UART2,0,RAM,0x20910017,U1,Set
CFG-MSGOUT-UBX_NAV_SAT_USB,10,RAM,0x20910018,U1,Set
CFG-MSGOUT-UBX_NAV_SAT_USB,10,Flash,0x20910018,U1,Set
CFG-MSGOUT-UBX_NAV_SBAS_I2C,0,RAM,0x2091006a,U1,Set
CFG-MSGOUT-UBX_NAV_SBAS_SPI,0,RAM,0x2091006e,U1,Set
CFG-MSGOUT-UBX_NAV_SBAS_UART1,0,RAM,0x2091006b,U1,Set
CFG-MSGOUT-UBX_NAV_SBAS_UART2,0,RAM,0x2091006c,U1,Set
CFG-MSGOUT-UBX_NAV_SBAS_USB,0,RAM,0x2091006d,U1,Set
CFG-MSGOUT-UBX_NAV_SIG_I2C,10,RAM,0x20910345,U1,Set
CFG-MSGOUT-UBX_NAV_SIG_I2C,10,Flash,0x20910345,U1,Set
CFG-MSGOUT-UBX_NAV_SIG_SPI,0,RAM,0x20910349,U1,Set
CFG-MSGOUT-UBX_NAV_SIG_UART1,10,RAM,0x20910346,U1,Set
CFG-MSGOUT-UBX_NAV_SIG_UART1,10,Flash,0x20910346,U1,Set
CFG-MSGOUT-UBX_NAV_SIG_UART2,0,RAM,0x20910347,U1,Set
CFG-MSGOUT-UBX_NAV_SIG_USB,10,RAM,0x20910348,U1,Set
CFG-MSGOUT-UBX_NAV_SIG_USB,10,Flash,0x20910348,U1,Set
UNKNOWN_0x20910336,0,RAM,0x20910336,U1,Set
UNKNOWN_0x2091033a,0,RAM,0x2091033a,U1,Set
UNKNOWN_0x20910337,0,RAM,0x20910337,U1,Set
UNKNOWN_0x20910338,0,RAM,0x20910338,U1,Set
UNKNOWN_0x20910339,0,RAM,0x20910339,U1,Set
CFG-MSGOUT-UBX_NAV_STATUS_I2C,10,RAM,0x2091001a,U1,Set
CFG-MSGOUT-UBX_NAV_STATUS_I2C,10,Flash,0x2091001a,U1,Set
CFG-MSGOUT-UBX_NAV_STATUS_SPI,0,RAM,0x2091001e,U1,Set
CFG-MSGOUT-UBX_NAV_STATUS_UART1,10,RAM,0x2091001b,U1,Set
CFG-MSGOUT-UBX_NAV_STATUS_UART1,10,Flash,0x2091001b,U1,Set
CFG-MSGOUT-UBX_NAV_STATUS_UART2,0,RAM,0x2091001c,U1,Set
CFG-MSGOUT-UBX_NAV_STATUS_USB,10,RAM,0x2091001d,U1,Set
CFG-MSGOUT-UBX_NAV_STATUS_USB,10,Flash,0x2091001d,U1,Set
CFG-MSGOUT-UBX_NAV_SVIN_I2C,0,RAM,0x20910088,U1,Set
CFG-MSGOUT-UBX_NAV_SVIN_SPI,0,RAM,0x2091008c,U1,Set
CFG-MSGOUT-UBX_NAV_SVIN_UART1,0,RAM,0x20910089,U1,Set
CFG-MSGOUT-UBX_NAV_SVIN_UART2,0,RAM,0x2091008a,U1,Set
CFG-MSGOUT-UBX_NAV_SVIN_USB,0,RAM,0x2091008b,U1,Set
CFG-MSGOUT-UBX_NAV_TIMEBDS_I2C,0,RAM,0x20910051,U1,Set
CFG-MSGOUT-UBX_NAV_TIMEBDS_SPI,0,RAM,0x20910055,U1,Set
CFG-MSGOUT-UBX_NAV_TIMEBDS_UART1,0,RAM,0x20910052,U1,Set
CFG-MSGOUT-UBX_NAV_TIMEBDS_UART2,0,RAM,0x20910053,U1,Set
CFG-MSGOUT-UBX_NAV_TIMEBDS_USB,0,RAM,0x20910054,U1,Set
CFG-MSGOUT-UBX_NAV_TIMEGAL_I2C,10,RAM,0x20910056,U1,Set
CFG-MSGOUT-UBX_NAV_TIMEGAL_I2C,10,Flash,0x20910056,U1,Set
CFG-MSGOUT-UBX_NAV_TIMEGAL_SPI,0,RAM,0x2091005a,U1,Set
CFG-MSGOUT-UBX_NAV_TIMEGAL_UART1,10,RAM,0x20910057,U1,Set
CFG-MSGOUT-UBX_NAV_TIMEGAL_UART1,10,Flash,0x20910057,U1,Set
CFG-MSGOUT-UBX_NAV_TIMEGAL_UART2,0,RAM,0x20910058,U1,Set
CFG-MSGOUT-UBX_NAV_TIMEGAL_USB,10,RAM,0x20910059,U1,Set
CFG-MSGOUT-UBX_NAV_TIMEGAL_USB,10,Flash,0x20910059,U1,Set
CFG-MSGOUT-UBX_NAV_TIMEGLO_I2C,0,RAM,0x2091004c,U1,Set
CFG-MSGOUT-UBX_NAV_TIMEGLO_SPI,0,RAM,0x20910050,U1,Set
CFG-MSGOUT-UBX_NAV_TIMEGLO_UART1,0,RAM,0x2091004d,U1,Set
CFG-MSGOUT-UBX_NAV_TIMEGLO_UART2,0,RAM,0x2091004e,U1,Set
CFG-MSGOUT-UBX_NAV_TIMEGLO_USB,0,RAM,0x2091004f,U1,Set
CFG-MSGOUT-UBX_NAV_TIMEGPS_I2C,10,RAM,0x20910047,U1,Set
CFG-MSGOUT-UBX_NAV_TIMEGPS_I2C,10,Flash,0x20910047,U1,Set
CFG-MSGOUT-UBX_NAV_TIMEGPS_SPI,0,RAM,0x2091004b,U1,Set
CFG-MSGOUT-UBX_NAV_TIMEGPS_UART1,10,RAM,0x20910048,U1,Set
CFG-MSGOUT-UBX_NAV_TIMEGPS_UART1,10,Flash,0x20910048,U1,Set
CFG-MSGOUT-UBX_NAV_TIMEGPS_UART2,0,RAM,0x20910049,U1,Set
CFG-MSGOUT-UBX_NAV_TIMEGPS_USB,10,RAM,0x2091004a,U1,Set
CFG-MSGOUT-UBX_NAV_TIMEGPS_USB,10,Flash,0x2091004a,U1,Set
CFG-MSGOUT-UBX_NAV_TIMELS_I2C,0,RAM,0x20910060,U1,Set
CFG-MSGOUT-UBX_NAV_TIMELS_SPI,0,RAM,0x20910064,U1,Set
CFG-MSGOUT-UBX_NAV_TIMELS_UART1,0,RAM,0x20910061,U1,Set
CFG-MSGOUT-UBX_NAV_TIMELS_UART2,0,RAM,0x20910062,U1,Set
CFG-MSGOUT-UBX_NAV_TIMELS_USB,0,RAM,0x20910063,U1,Set
UNKNOWN_0x209106a2,0,RAM,0x209106a2,U1,Set
UNKNOWN_0x209106a6,0,RAM,0x209106a6,U1,Set
UNKNOWN_0x209106a3,0,RAM,0x209106a3,U1,Set
UNKNOWN_0x209106a4,0,RAM,0x209106a4,U1,Set
UNKNOWN_0x209106a5,0,RAM,0x209106a5,U1,Set
CFG-MSGOUT-UBX_NAV_TIMEQZSS_I2C,0,RAM,0x20910386,U1,Set
CFG-MSGOUT-UBX_NAV_TIMEQZSS_SPI,0,RAM,0x2091038a,U1,Set
CFG-MSGOUT-UBX_NAV_TIMEQZSS_UART1,0,RAM,0x20910387,U1,Set
CFG-MSGOUT-UBX_NAV_TIMEQZSS_UART2,0,RAM,0x20910388,U1,Set
CFG-MSGOUT-UBX_NAV_TIMEQZSS_USB,0,RAM,0x20910389,U1,Set
CFG-MSGOUT-UBX_NAV_TIMETRUSTED_I2C,0,RAM,0x209103a8,U1,Set
CFG-MSGOUT-UBX_NAV_TIMETRUSTED_SPI,0,RAM,0x209103ac,U1,Set
CFG-MSGOUT-UBX_NAV_TIMETRUSTED_UART1,0,RAM,0x209103a9,U1,Set
CFG-MSGOUT-UBX_NAV_TIMETRUSTED_UART2,0,RAM,0x209103aa,U1,Set
CFG-MSGOUT-UBX_NAV_TIMETRUSTED_USB,0,RAM,0x209103ab,U1,Set
CFG-MSGOUT-UBX_NAV_TIMEUTC_I2C,10,RAM,0x2091005b,U1,Set
CFG-MSGOUT-UBX_NAV_TIMEUTC_I2C,10,Flash,0x2091005b,U1,Set
CFG-MSGOUT-UBX_NAV_TIMEUTC_SPI,0,RAM,0x2091005f,U1,Set
CFG-MSGOUT-UBX_NAV_TIMEUTC_UART1,10,RAM,0x2091005c,U1,Set
CFG-MSGOUT-UBX_NAV_TIMEUTC_UART1,10,Flash,0x2091005c,U1,Set
CFG-MSGOUT-UBX_NAV_TIMEUTC_UART2,0,RAM,0x2091005d,U1,Set
CFG-MSGOUT-UBX_NAV_TIMEUTC_USB,10,RAM,0x2091005e,U1,Set
CFG-MSGOUT-UBX_NAV_TIMEUTC_USB,10,Flash,0x2091005e,U1,Set
CFG-MSGOUT-UBX_NAV_VELECEF_I2C,0,RAM,0x2091003d,U1,Set
CFG-MSGOUT-UBX_NAV_VELECEF_SPI,0,RAM,0x20910041,U1,Set
CFG-MSGOUT-UBX_NAV_VELECEF_UART1,0,RAM,0x2091003e,U1,Set
CFG-MSGOUT-UBX_NAV_VELECEF_UART2,0,RAM,0x2091003f,U1,Set
CFG-MSGOUT-UBX_NAV_VELECEF_USB,0,RAM,0x20910040,U1,Set
CFG-MSGOUT-UBX_NAV_VELNED_I2C,0,RAM,0x20910042,U1,Set
CFG-MSGOUT-UBX_NAV_VELNED_SPI,0,RAM,0x20910046,U1,Set
CFG-MSGOUT-UBX_NAV_VELNED_UART1,0,RAM,0x20910043,U1,Set
CFG-MSGOUT-UBX_NAV_VELNED_UART2,0,RAM,0x20910044,U1,Set
CFG-MSGOUT-UBX_NAV_VELNED_USB,0,RAM,0x20910045,U1,Set
CFG-MSGOUT-UBX_RXM_COR_I2C,0,RAM,0x209106b6,U1,Set
CFG-MSGOUT-UBX_RXM_COR_SPI,0,RAM,0x209106ba,U1,Set
CFG-MSGOUT-UBX_RXM_COR_UART1,0,RAM,0x209106b7,U1,Set
CFG-MSGOUT-UBX_RXM_COR_UART2,0,RAM,0x209106b8,U1,Set
CFG-MSGOUT-UBX_RXM_COR_USB,0,RAM,0x209106b9,U1,Set
CFG-MSGOUT-UBX_RXM_MEASX_I2C,10,RAM,0x20910204,U1,Set
CFG-MSGOUT-UBX_RXM_MEASX_I2C,10,Flash,0x20910204,U1,Set
CFG-MSGOUT-UBX_RXM_MEASX_SPI,0,RAM,0x20910208,U1,Set
CFG-MSGOUT-UBX_RXM_MEASX_UART1,10,RAM,0x20910205,U1,Set
CFG-MSGOUT-UBX_RXM_MEASX_UART1,10,Flash,0x20910205,U1,Set
CFG-MSGOUT-UBX_RXM_MEASX_UART2,0,RAM,0x20910206,U1,Set
CFG-MSGOUT-UBX_RXM_MEASX_USB,10,RAM,0x20910207,U1,Set
CFG-MSGOUT-UBX_RXM_MEASX_USB,10,Flash,0x20910207,U1,Set
CFG-MSGOUT-UBX_RXM_RAWX_I2C,10,RAM,0x209102a4,U1,Set
CFG-MSGOUT-UBX_RXM_RAWX_I2C,10,Flash,0x209102a4,U1,Set
CFG-MSGOUT-UBX_RXM_RAWX_SPI,0,RAM,0x209102a8,U1,Set
CFG-MSGOUT-UBX_RXM_RAWX_UART1,10,RAM,0x209102a5,U1,Set
CFG-MSGOUT-UBX_RXM_RAWX_UART1,10,Flash,0x209102a5,U1,Set
CFG-MSGOUT-UBX_RXM_RAWX_UART2,0,RAM,0x209102a6,U1,Set
CFG-MSGOUT-UBX_RXM_RAWX_USB,10,RAM,0x209102a7,U1,Set
CFG-MSGOUT-UBX_RXM_RAWX_USB,10,Flash,0x209102a7,U1,Set
CFG-MSGOUT-UBX_RXM_RLM_I2C,0,RAM,0x2091025e,U1,Set
CFG-MSGOUT-UBX_RXM_RLM_SPI,0,RAM,0x20910262,U1,Set
CFG-MSGOUT-UBX_RXM_RLM_UART1,0,RAM,0x2091025f,U1,Set
CFG-MSGOUT-UBX_RXM_RLM_UART2,0,RAM,0x20910260,U1,Set
CFG-MSGOUT-UBX_RXM_RLM_USB,0,RAM,0x20910261,U1,Set
CFG-MSGOUT-UBX_RXM_SFRBX_I2C,10,RAM,0x20910231,U1,Set
CFG-MSGOUT-UBX_RXM_SFRBX_I2C,10,Flash,0x20910231,U1,Set
CFG-MSGOUT-UBX_RXM_SFRBX_SPI,0,RAM,0x20910235,U1,Set
CFG-MSGOUT-UBX_RXM_SFRBX_UART1,10,RAM,0x20910232,U1,Set
CFG-MSGOUT-UBX_RXM_SFRBX_UART1,10,Flash,0x20910232,U1,Set
CFG-MSGOUT-UBX_RXM_SFRBX_UART2,0,RAM,0x20910233,U1,Set
CFG-MSGOUT-UBX_RXM_SFRBX_USB,10,RAM,0x20910234,U1,Set
CFG-MSGOUT-UBX_RXM_SFRBX_USB,10,Flash,0x20910234,U1,Set
CFG-MSGOUT-UBX_SEC_OSNMA_I2C,0,RAM,0x209106ca,U1,Set
CFG-MSGOUT-UBX_SEC_OSNMA_SPI,0,RAM,0x209106ce,U1,Set
CFG-MSGOUT-UBX_SEC_OSNMA_UART1,0,RAM,0x209106cb,U1,Set
CFG-MSGOUT-UBX_SEC_OSNMA_UART2,0,RAM,0x209106cc,U1,Set
CFG-MSGOUT-UBX_SEC_OSNMA_USB,0,RAM,0x209106cd,U1,Set
CFG-MSGOUT-UBX_SEC_SIGLOG_I2C,0,RAM,0x20910689,U1,Set
CFG-MSGOUT-UBX_SEC_SIGLOG_SPI,0,RAM,0x2091068d,U1,Set
CFG-MSGOUT-UBX_SEC_SIGLOG_UART1,0,RAM,0x2091068a,U1,Set
CFG-MSGOUT-UBX_SEC_SIGLOG_UART2,0,RAM,0x2091068b,U1,Set
CFG-MSGOUT-UBX_SEC_SIGLOG_USB,0,RAM,0x2091068c,U1,Set
CFG-MSGOUT-UBX_SEC_SIG_I2C,0,RAM,0x20910634,U1,Set
CFG-MSGOUT-UBX_SEC_SIG_SPI,0,RAM,0x20910638,U1,Set
CFG-MSGOUT-UBX_SEC_SIG_UART1,0,RAM,0x20910635,U1,Set
CFG-MSGOUT-UBX_SEC_SIG_UART2,0,RAM,0x20910636,U1,Set
CFG-MSGOUT-UBX_SEC_SIG_USB,0,RAM,0x20910637,U1,Set
CFG-MSGOUT-UBX_TIM_TM2_I2C,0,RAM,0x20910178,U1,Set
CFG-MSGOUT-UBX_TIM_TM2_SPI,0,RAM,0x2091017c,U1,Set
CFG-MSGOUT-UBX_TIM_TM2_UART1,0,RAM,0x20910179,U1,Set
CFG-MSGOUT-UBX_TIM_TM2_UART2,0,RAM,0x2091017a,U1,Set
CFG-MSGOUT-UBX_TIM_TM2_USB,0,RAM,0x2091017b,U1,Set
CFG-MSGOUT-UBX_TIM_TP_I2C,0,RAM,0x2091017d,U1,Set
CFG-MSGOUT-UBX_TIM_TP_SPI,0,RAM,0x20910181,U1,Set
CFG-MSGOUT-UBX_TIM_TP_UART1,0,RAM,0x2091017e,U1,Set
CFG-MSGOUT-UBX_TIM_TP_UART2,0,RAM,0x2091017f,U1,Set
CFG-MSGOUT-UBX_TIM_TP_USB,0,RAM,0x20910180,U1,Set
CFG-MSGOUT-UBX_TIM_VRFY_I2C,0,RAM,0x20910092,U1,Set
CFG-MSGOUT-UBX_TIM_VRFY_SPI,0,RAM,0x20910096,U1,Set
CFG-MSGOUT-UBX_TIM_VRFY_UART1,0,RAM,0x20910093,U1,Set
CFG-MSGOUT-UBX_TIM_VRFY_UART2,0,RAM,0x20910094,U1,Set
CFG-MSGOUT-UBX_TIM_VRFY_USB,0,RAM,0x20910095,U1,Set
UNKNOWN_0x10170001,false,RAM,0x10170001,L,Set
UNKNOWN_0x10170002,false,RAM,0x10170002,L,Set
UNKNOWN_0x10170003,false,RAM,0x10170003,L,Set
CFG-NAVHPG-DGNSSMODE,3,RAM,0x20140011,E1,Set
CFG-NAVSPG-FIXMODE,2,RAM,0x20110011,E1,Set
CFG-NAVSPG-INIFIX3D,false,RAM,0x10110013,L,Set
CFG-NAVSPG-WKNROLLOVER,2371,RAM,0x30110017,U2,Set
CFG-NAVSPG-UTCSTANDARD,0,RAM,0x2011001c,E1,Set
CFG-NAVSPG-DYNMODEL,0,RAM,0x20110021,E1,Set
CFG-NAVSPG-ACKAIDING,false,RAM,0x10110025,L,Set
CFG-NAVSPG-USE_USRDAT,false,RAM,0x10110061,L,Set
CFG-NAVSPG-USRDAT_MAJA,6378137,RAM,0x50110062,R8,Set
CFG-NAVSPG-USRDAT_FLAT,298.257223563,RAM,0x50110063,R8,Set
CFG-NAVSPG-USRDAT_DX,0,RAM,0x40110064,R4,Set
CFG-NAVSPG-USRDAT_DY,0,RAM,0x40110065,R4,Set
CFG-NAVSPG-USRDAT_DZ,0,RAM,0x40110066,R4,Set
CFG-NAVSPG-USRDAT_ROTX,0,RAM,0x40110067,R4,Set
CFG-NAVSPG-USRDAT_ROTY,0,RAM,0x40110068,R4,Set
CFG-NAVSPG-USRDAT_ROTZ,0,RAM,0x40110069,R4,Set
CFG-NAVSPG-USRDAT_SCALE,0,RAM,0x4011006a,R4,Set
CFG-NAVSPG-INFIL_MINSVS,3,RAM,0x201100a1,U1,Set
CFG-NAVSPG-INFIL_MAXSVS,32,RAM,0x201100a2,U1,Set
CFG-NAVSPG-INFIL_MINCNO,6,RAM,0x201100a3,U1,Set
CFG-NAVSPG-INFIL_MINELEV,10,RAM,0x201100a4,I1,Set
CFG-NAVSPG-INFIL_NCNOTHRS,0,RAM,0x201100aa,U1,Set
CFG-NAVSPG-INFIL_CNOTHRS,0,RAM,0x201100ab,U1,Set
CFG-NAVSPG-OUTFIL_PDOP,250,RAM,0x301100b1,U2,Set
CFG-NAVSPG-OUTFIL_TDOP,250,RAM,0x301100b2,U2,Set
CFG-NAVSPG-OUTFIL_PACC,100,RAM,0x301100b3,U2,Set
CFG-NAVSPG-OUTFIL_TACC,350,RAM,0x301100b4,U2,Set
CFG-NAVSPG-OUTFIL_FACC,150,RAM,0x301100b5,U2,Set
CFG-NAVSPG-CONSTR_ALT,0,RAM,0x401100c1,I4,Set
CFG-NAVSPG-CONSTR_ALTVAR,10000,RAM,0x401100c2,U4,Set
CFG-NAVSPG-CONSTR_DGNSSTO,60,RAM,0x201100c4,U1,Set
CFG-NAVSPG-CONSTR_DGNSSTO_SCALE,1,RAM,0x201100c5,U1,Set
UNKNOWN_0x101100d7,true,RAM,0x101100d7,L,Set
CFG-NAVSPG-ONLY_AUTHDATA,false,RAM,0x101100dd,L,Set
CFG-NAVSPG-MAX_TIMETRUSTED_ACC,9,RAM,0x301100de,U2,Set
CFG-NMEA-PROTVER,42,RAM,0x20930001,E1,Set
CFG-NMEA-MAXSVS,0,RAM,0x20930002,E1,Set
CFG-NMEA-COMPAT,false,RAM,0x10930003,L,Set
CFG-NMEA-CONSIDER,true,RAM,0x10930004,L,Set
CFG-NMEA-LIMIT82,false,RAM,0x10930005,L,Set
CFG-NMEA-HIGHPREC,false,RAM,0x10930006,L,Set
CFG-NMEA-SVNUMBERING,0,RAM,0x20930007,E1,Set
CFG-NMEA-FILT_GPS,false,RAM,0x10930011,L,Set
CFG-NMEA-FILT_SBAS,false,RAM,0x10930012,L,Set
CFG-NMEA-FILT_GAL,false,RAM,0x10930013,L,Set
CFG-NMEA-FILT_QZSS,false,RAM,0x10930015,L,Set
CFG-NMEA-FILT_GLO,false,RAM,0x10930016,L,Set
CFG-NMEA-FILT_BDS,false,RAM,0x10930017,L,Set
CFG-NMEA-FILT_NAVIC,false,RAM,0x10930018,L,Set
CFG-NMEA-OUT_INVFIX,false,RAM,0x10930021,L,Set
CFG-NMEA-OUT_MSKFIX,false,RAM,0x10930022,L,Set
CFG-NMEA-OUT_INVTIME,false,RAM,0x10930023,L,Set
CFG-NMEA-OUT_INVDATE,false,RAM,0x10930024,L,Set
CFG-NMEA-OUT_ONLYGPS,false,RAM,0x10930025,L,Set
CFG-NMEA-OUT_FROZENCOG,false,RAM,0x10930026,L,Set
CFG-NMEA-MAINTALKERID,0,RAM,0x20930031,E1,Set
CFG-NMEA-GSVTALKERID,0,RAM,0x20930032,E1,Set
CFG-NMEA-BDSTALKERID,0,RAM,0x30930033,U2,Set
CFG-ODO-USE_ODO,false,RAM,0x10220001,L,Set
CFG-ODO-USE_COG,false,RAM,0x10220002,L,Set
CFG-ODO-OUTLPVEL,false,RAM,0x10220003,L,Set
CFG-ODO-OUTLPCOG,false,RAM,0x10220004,L,Set
CFG-ODO-PROFILE,0,RAM,0x20220005,E1,Set
CFG-ODO-COGMAXSPEED,10,RAM,0x20220021,U1,Set
CFG-ODO-COGMAXPOSACC,50,RAM,0x20220022,U1,Set
CFG-ODO-VELLPGAIN,153,RAM,0x20220031,U1,Set
CFG-ODO-COGLPGAIN,76,RAM,0x20220032,U1,Set
CFG-QZSS-USE_SLAS_DGNSS,true,RAM,0x10370005,L,Set
CFG-QZSS-USE_SLAS_TESTMODE,false,RAM,0x10370006,L,Set
CFG-QZSS-USE_SLAS_RAIM_UNCORR,false,RAM,0x10370007,L,Set
CFG-QZSS-SLAS_MAX_BASELINE,350,RAM,0x30370008,U2,Set
CFG-RATE-MEAS,1000,RAM,0x30210001,U2,Set
CFG-RATE-NAV,1,RAM,0x30210002,U2,Set
CFG-RATE-TIMEREF,1,RAM,0x20210003,E1,Set
CFG-RINV-DUMP,false,RAM,0x10c70001,L,Set
CFG-RINV-BINARY,false,RAM,0x10c70002,L,Set
CFG-RINV-DATA_SIZE,22,RAM,0x20c70003,U1,Set
CFG-RINV-CHUNK0,BI:2322280035508318030,RAM,0x50c70004,X8,Set
CFG-RINV-CHUNK1,BI:2333274043595124590,RAM,0x50c70005,X8,Set
CFG-RINV-CHUNK2,BI:36715082703219,RAM,0x50c70006,X8,Set
CFG-RINV-CHUNK3,BI:0,RAM,0x50c70007,X8,Set
CFG-RTCM-DF003_OUT,0,RAM,0x30090001,U2,Set
CFG-RTCM-DF003_IN,0,RAM,0x30090008,U2,Set
CFG-RTCM-DF003_IN_FILTER,0,RAM,0x20090009,E1,Set
CFG-SBAS-USE_TESTMODE,false,RAM,0x10360002,L,Set
CFG-SBAS-USE_RANGING,true,RAM,0x10360003,L,Set
CFG-SBAS-USE_DIFFCORR,true,RAM,0x10360004,L,Set
CFG-SBAS-USE_INTEGRITY,false,RAM,0x10360005,L,Set
CFG-SBAS-ACCEPT_NOT_IN_PRNMASK,0,RAM,0x30360008,X2,Set
CFG-SBAS-USE_IONOONLY,false,RAM,0x10360007,L,Set
CFG-SBAS-PRNSCANMASK,BI:240524,RAM,0x50360006,X8,Set
CFG-SEC-CFG_LOCK,false,RAM,0x10f60009,L,Set
CFG-SEC-CFG_LOCK_UNLOCKGRP1,0,RAM,0x30f6000a,U2,Set
CFG-SEC-CFG_LOCK_UNLOCKGRP2,0,RAM,0x30f6000b,U2,Set
CFG-SEC-SPOOFDET_SIM_SIG_DIS,false,RAM,0x10f6005d,L,Set
CFG-SEC-JAMDET_SENSITIVITY_HI,true,RAM,0x10f60051,L,Set
CFG-SIGNAL-GPS_ENA,true,RAM,0x1031001f,L,Set
CFG-SIGNAL-GPS_L1CA_ENA,true,RAM,0x10310001,L,Set
CFG-SIGNAL-GPS_L2C_ENA,true,RAM,0x10310003,L,Set
CFG-SIGNAL-GPS_L5_ENA,true,RAM,0x10310004,L,Set
CFG-SIGNAL-SBAS_ENA,false,RAM,0x10310020,L,Set
CFG-SIGNAL-SBAS_ENA,false,Flash,0x10310020,L,Set
CFG-SIGNAL-SBAS_L1CA_ENA,false,RAM,0x10310005,L,Set
CFG-SIGNAL-SBAS_L1CA_ENA,false,Flash,0x10310005,L,Set
CFG-SIGNAL-GAL_ENA,true,RAM,0x10310021,L,Set
CFG-SIGNAL-GAL_E1_ENA,true,RAM,0x10310007,L,Set
CFG-SIGNAL-GAL_E5A_ENA,true,RAM,0x10310009,L,Set
CFG-SIGNAL-GAL_E5B_ENA,true,RAM,0x1031000a,L,Set
CFG-SIGNAL-GAL_E5B_ENA,true,Flash,0x1031000a,L,Set
CFG-SIGNAL-GAL_E6_ENA,true,RAM,0x1031000b,L,Set
CFG-SIGNAL-BDS_ENA,false,RAM,0x10310022,L,Set
CFG-SIGNAL-BDS_ENA,false,Flash,0x10310022,L,Set
CFG-SIGNAL-BDS_B1_ENA,false,RAM,0x1031000d,L,Set
CFG-SIGNAL-BDS_B1_ENA,false,Flash,0x1031000d,L,Set
CFG-SIGNAL-BDS_B1C_ENA,false,RAM,0x1031000f,L,Set
CFG-SIGNAL-BDS_B1C_ENA,false,Flash,0x1031000f,L,Set
CFG-SIGNAL-BDS_B2_ENA,false,RAM,0x1031000e,L,Set
CFG-SIGNAL-BDS_B2A_ENA,false,RAM,0x10310028,L,Set
CFG-SIGNAL-BDS_B2A_ENA,false,Flash,0x10310028,L,Set
CFG-SIGNAL-BDS_B3_ENA,false,RAM,0x10310010,L,Set
CFG-SIGNAL-BDS_B3_ENA,false,Flash,0x10310010,L,Set
CFG-SIGNAL-QZSS_ENA,false,RAM,0x10310024,L,Set
CFG-SIGNAL-QZSS_L1CA_ENA,false,RAM,0x10310012,L,Set
CFG-SIGNAL-QZSS_L1CA_ENA,false,Flash,0x10310012,L,Set
CFG-SIGNAL-QZSS_L1S_ENA,false,RAM,0x10310014,L,Set
CFG-SIGNAL-QZSS_L1S_ENA,false,Flash,0x10310014,L,Set
CFG-SIGNAL-QZSS_L2C_ENA,false,RAM,0x10310015,L,Set
CFG-SIGNAL-QZSS_L2C_ENA,false,Flash,0x10310015,L,Set
CFG-SIGNAL-QZSS_L5_ENA,false,RAM,0x10310017,L,Set
CFG-SIGNAL-QZSS_L5_ENA,false,Flash,0x10310017,L,Set
CFG-SIGNAL-GLO_ENA,false,RAM,0x10310025,L,Set
CFG-SIGNAL-GLO_L1_ENA,false,RAM,0x10310018,L,Set
CFG-SIGNAL-GLO_L1_ENA,false,Flash,0x10310018,L,Set
CFG-SIGNAL-GLO_L2_ENA,false,RAM,0x1031001a,L,Set
CFG-SIGNAL-GLO_L2_ENA,false,Flash,0x1031001a,L,Set
CFG-SIGNAL-NAVIC_ENA,false,RAM,0x10310026,L,Set
CFG-SIGNAL-NAVIC_L5_ENA,false,RAM,0x1031001d,L,Set
CFG-SIGNAL-NAVIC_L5_ENA,false,Flash,0x1031001d,L,Set
CFG-SIGNAL-PLAN,2,RAM,0x2031003a,E1,Set
CFG-SPARTN-USE_SOURCE,0,RAM,0x20a70001,E1,Set
CFG-SPI-MAXFF,50,RAM,0x20640001,U1,Set
CFG-SPI-CPOLARITY,false,RAM,0x10640002,L,Set
CFG-SPI-CPHASE,false,RAM,0x10640003,L,Set
CFG-SPI-EXTENDEDTIMEOUT,false,RAM,0x10640005,L,Set
CFG-SPI-ENABLED,false,RAM,0x10640006,L,Set
CFG-SPIINPROT-UBX,true,RAM,0x10790001,L,Set
CFG-SPIINPROT-NMEA,false,RAM,0x10790002,L,Set
CFG-SPIINPROT-NMEA,false,Flash,0x10790002,L,Set
CFG-SPIINPROT-RTCM3X,false,RAM,0x10790004,L,Set
CFG-SPIINPROT-RTCM3X,false,Flash,0x10790004,L,Set
CFG-SPIINPROT-SPARTN,false,RAM,0x10790005,L,Set
CFG-SPIINPROT-SPARTN,false,Flash,0x10790005,L,Set
CFG-SPIOUTPROT-UBX,true,RAM,0x107a0001,L,Set
CFG-SPIOUTPROT-NMEA,false,RAM,0x107a0002,L,Set
CFG-SPIOUTPROT-NMEA,false,Flash,0x107a0002,L,Set
CFG-SPIOUTPROT-RTCM3X,false,RAM,0x107a0004,L,Set
CFG-SPIOUTPROT-RTCM3X,false,Flash,0x107a0004,L,Set
CFG-TMODE-MODE,0,RAM,0x20030001,E1,Set
CFG-TMODE-POS_TYPE,0,RAM,0x20030002,E1,Set
CFG-TMODE-ECEF_X,0,RAM,0x40030003,I4,Set
CFG-TMODE-ECEF_Y,0,RAM,0x40030004,I4,Set
CFG-TMODE-ECEF_Z,0,RAM,0x40030005,I4,Set
CFG-TMODE-ECEF_X_HP,0,RAM,0x20030006,I1,Set
CFG-TMODE-ECEF_Y_HP,0,RAM,0x20030007,I1,Set
CFG-TMODE-ECEF_Z_HP,0,RAM,0x20030008,I1,Set
CFG-TMODE-LAT,0,RAM,0x40030009,I4,Set
CFG-TMODE-LON,0,RAM,0x4003000a,I4,Set
CFG-TMODE-HEIGHT,0,RAM,0x4003000b,I4,Set
CFG-TMODE-LAT_HP,0,RAM,0x2003000c,I1,Set
CFG-TMODE-LON_HP,0,RAM,0x2003000d,I1,Set
CFG-TMODE-HEIGHT_HP,0,RAM,0x2003000e,I1,Set
CFG-TMODE-FIXED_POS_ACC,0,RAM,0x4003000f,U4,Set
CFG-TMODE-SVIN_MIN_DUR,0,RAM,0x40030010,U4,Set
CFG-TMODE-SVIN_ACC_LIMIT,0,RAM,0x40030011,U4,Set
CFG-TP-PULSE_DEF,0,RAM,0x20050023,E1,Set
CFG-TP-PULSE_LENGTH_DEF,1,RAM,0x20050030,E1,Set
CFG-TP-ANT_CABLEDELAY,50,RAM,0x30050001,I2,Set
CFG-TP-PERIOD_TP2,1000000,RAM,0x4005000d,U4,Set
CFG-TP-PERIOD_LOCK_TP2,1000000,RAM,0x4005000e,U4,Set
CFG-TP-FREQ_TP2,1,RAM,0x40050026,U4,Set
CFG-TP-FREQ_LOCK_TP2,1,RAM,0x40050027,U4,Set
CFG-TP-LEN_TP2,0,RAM,0x4005000f,U4,Set
CFG-TP-LEN_LOCK_TP2,100000,RAM,0x40050010,U4,Set
CFG-TP-DUTY_TP2,0,RAM,0x5005002c,R8,Set
CFG-TP-DUTY_LOCK_TP2,10,RAM,0x5005002d,R8,Set
CFG-TP-USER_DELAY_TP2,0,RAM,0x40050011,I4,Set
CFG-TP-TP2_ENA,true,RAM,0x10050012,L,Set
CFG-TP-SYNC_GNSS_TP2,true,RAM,0x10050013,L,Set
CFG-TP-USE_LOCKED_TP2,true,RAM,0x10050014,L,Set
CFG-TP-ALIGN_TO_TOW_TP2,true,RAM,0x10050015,L,Set
CFG-TP-POL_TP2,true,RAM,0x10050016,L,Set
CFG-TP-TIMEGRID_TP2,0,RAM,0x20050017,E1,Set
CFG-TP-DRSTR_TP2,1,RAM,0x20050036,E1,Set
CFG-TXREADY-ENABLED,false,RAM,0x10a20001,L,Set
CFG-TXREADY-POLARITY,false,RAM,0x10a20002,L,Set
CFG-TXREADY-PIN,0,RAM,0x20a20003,U1,Set
CFG-TXREADY-THRESHOLD,0,RAM,0x30a20004,U2,Set
CFG-TXREADY-INTERFACE,0,RAM,0x20a20005,E1,Set
CFG-UART1-BAUDRATE,38400,RAM,0x40520001,U4,Set
CFG-UART1-STOPBITS,1,RAM,0x20520002,E1,Set
CFG-UART1-DATABITS,0,RAM,0x20520003,E1,Set
CFG-UART1-PARITY,0,RAM,0x20520004,E1,Set
CFG-UART1-ENABLED,true,RAM,0x10520005,L,Set
CFG-UART1INPROT-UBX,true,RAM,0x10730001,L,Set
CFG-UART1INPROT-NMEA,false,RAM,0x10730002,L,Set
CFG-UART1INPROT-NMEA,false,Flash,0x10730002,L,Set
CFG-UART1INPROT-RTCM3X,false,RAM,0x10730004,L,Set
CFG-UART1INPROT-RTCM3X,false,Flash,0x10730004,L,Set
CFG-UART1INPROT-SPARTN,false,RAM,0x10730005,L,Set
CFG-UART1INPROT-SPARTN,false,Flash,0x10730005,L,Set
CFG-UART1OUTPROT-UBX,true,RAM,0x10740001,L,Set
CFG-UART1OUTPROT-NMEA,false,RAM,0x10740002,L,Set
CFG-UART1OUTPROT-NMEA,false,Flash,0x10740002,L,Set
CFG-UART1OUTPROT-RTCM3X,false,RAM,0x10740004,L,Set
CFG-UART1OUTPROT-RTCM3X,false,Flash,0x10740004,L,Set
CFG-UART2-BAUDRATE,38400,RAM,0x40530001,U4,Set
CFG-UART2-STOPBITS,1,RAM,0x20530002,E1,Set
CFG-UART2-DATABITS,0,RAM,0x20530003,E1,Set
CFG-UART2-PARITY,0,RAM,0x20530004,E1,Set
CFG-UART2-ENABLED,false,RAM,0x10530005,L,Set
CFG-UART2-ENABLED,false,Flash,0x10530005,L,Set
CFG-UART2INPROT-UBX,true,RAM,0x10750001,L,Set
CFG-UART2INPROT-NMEA,false,RAM,0x10750002,L,Set
CFG-UART2INPROT-NMEA,false,Flash,0x10750002,L,Set
CFG-UART2INPROT-RTCM3X,false,RAM,0x10750004,L,Set
CFG-UART2INPROT-RTCM3X,false,Flash,0x10750004,L,Set
CFG-UART2INPROT-SPARTN,false,RAM,0x10750005,L,Set
CFG-UART2INPROT-SPARTN,false,Flash,0x10750005,L,Set
CFG-UART2OUTPROT-UBX,false,RAM,0x10760001,L,Set
CFG-UART2OUTPROT-NMEA,false,RAM,0x10760002,L,Set
CFG-UART2OUTPROT-RTCM3X,false,RAM,0x10760004,L,Set
CFG-UART2OUTPROT-RTCM3X,false,Flash,0x10760004,L,Set
CFG-USB-ENABLED,true,RAM,0x10650001,L,Set
CFG-USB-SELFPOW,true,RAM,0x10650002,L,Set
CFG-USB-VENDOR_ID,5446,RAM,0x3065000a,U2,Set
CFG-USB-PRODUCT_ID,427,RAM,0x3065000b,U2,Set
CFG-USB-VENDOR_STR0,BI:4692883231675133301,RAM,0x5065000d,X8,Set
CFG-USB-VENDOR_STR1,BI:3348276201497894983,RAM,0x5065000e,X8,Set
CFG-USB-VENDOR_STR2,BI:7146782078638632309,RAM,0x5065000f,X8,Set
CFG-USB-VENDOR_STR3,BI:28015,RAM,0x50650010,X8,Set
CFG-USB-PRODUCT_STR0,BI:5125228795902700917,RAM,0x50650011,X8,Set
CFG-USB-PRODUCT_STR1,BI:7305794561368085326,RAM,0x50650012,X8,Set
CFG-USB-PRODUCT_STR2,BI:1919252073,RAM,0x50650013,X8,Set
CFG-USB-PRODUCT_STR3,BI:0,RAM,0x50650014,X8,Set
CFG-USB-SERIAL_NO_STR0,BI:0,RAM,0x50650015,X8,Set
CFG-USB-SERIAL_NO_STR1,BI:0,RAM,0x50650016,X8,Set
CFG-USB-SERIAL_NO_STR2,BI:0,RAM,0x50650017,X8,Set
CFG-USB-SERIAL_NO_STR3,BI:0,RAM,0x50650018,X8,Set
CFG-USBINPROT-UBX,true,RAM,0x10770001,L,Set
CFG-USBINPROT-NMEA,false,RAM,0x10770002,L,Set
CFG-USBINPROT-NMEA,false,Flash,0x10770002,L,Set
CFG-USBINPROT-RTCM3X,false,RAM,0x10770004,L,Set
CFG-USBINPROT-RTCM3X,false,Flash,0x10770004,L,Set
CFG-USBINPROT-SPARTN,false,RAM,0x10770005,L,Set
CFG-USBINPROT-SPARTN,false,Flash,0x10770005,L,Set
CFG-USBOUTPROT-UBX,true,RAM,0x10780001,L,Set
CFG-USBOUTPROT-NMEA,false,RAM,0x10780002,L,Set
CFG-USBOUTPROT-NMEA,false,Flash,0x10780002,L,Set
CFG-USBOUTPROT-RTCM3X,false,RAM,0x10780004,L,Set
CFG-USBOUTPROT-RTCM3X,false,Flash,0x10780004,L,Set
